<?xml version="1.0" encoding="utf-8"?>
<!--/13298423/260367/2.49/2/4/Switch/-->
<quadcept_library>
  <setting unit="mil" />
  <textstyle name="Default" height="47.244094488189" strokewidth="7.8740157480315" charwidth="47.244094488189" />
  <textstyle name="Dimension" height="19.6850393700787" strokewidth="0" charwidth="19.6850393700787" />
  <textstyle name="H127W0635TH00762" height="50" strokewidth="3" charwidth="25" />
  <textstyle name="H15W15TH02" height="59.0551181102362" strokewidth="7.8740157480315" charwidth="59.0551181102362" />
  <padstyle name="r150_110" surface="True" plated="False" isvia="False" nopaste="False" nomask="True" complex="False" holesize="0">
    <padshape layer="TOP" shape="rectangle" width="43.307086614173" height="59.055118110235" />
    <padshape layer="TOP_SOLDER_MASK" shape="rectangle" width="51.181102362204" height="66.929133858267" />
    <padshape layer="TOP_SOLDER_PASTE" shape="rectangle" width="43.307086614173" height="59.055118110235" />
  </padstyle>
  <footprint name="IKD0103101" originx="0" originy="0" pickpointx="0" pickpointy="0">
    <pcbpin number="1" name="1" style="r150_110" originx="0" originy="-175.1968503937" rotation="0" />
    <pcbpin number="2" name="2" style="r150_110" originx="0" originy="175.1968503937" rotation="0" />
    <line layer="TOP_ASSEMBLY" originx="-68.503937007873" originy="122.04724409449" endx="68.503937007873" endy="122.04724409449" width="3.9370078740157" />
    <line layer="TOP_ASSEMBLY" originx="68.503937007873" originy="122.04724409449" endx="68.503937007873" endy="-122.04724409449" width="3.9370078740157" />
    <line layer="TOP_ASSEMBLY" originx="68.503937007873" originy="-122.04724409449" endx="-68.503937007873" endy="-122.04724409449" width="3.9370078740157" />
    <line layer="TOP_ASSEMBLY" originx="-68.503937007873" originy="-122.04724409449" endx="-68.503937007873" endy="122.04724409449" width="3.9370078740157" />
    <line layer="TOP_PLACE_BOUND" originx="-107.87401574803" originy="244.09448818897" endx="107.87401574803" endy="244.09448818897" width="3.9370078740157" />
    <line layer="TOP_PLACE_BOUND" originx="107.87401574803" originy="244.09448818897" endx="107.87401574803" endy="-244.09448818897" width="3.9370078740157" />
    <line layer="TOP_PLACE_BOUND" originx="107.87401574803" originy="-244.09448818897" endx="-107.87401574803" endy="-244.09448818897" width="3.9370078740157" />
    <line layer="TOP_PLACE_BOUND" originx="-107.87401574803" originy="-244.09448818897" endx="-107.87401574803" endy="244.09448818897" width="3.9370078740157" />
    <line layer="TOP_SILKSCREEN" originx="-39.370078740157" originy="122.04724409449" endx="-68.503937007873" endy="122.04724409449" width="7.8740157480314" />
    <line layer="TOP_SILKSCREEN" originx="-68.503937007873" originy="122.04724409449" endx="-68.503937007873" endy="-122.04724409449" width="7.8740157480314" />
    <line layer="TOP_SILKSCREEN" originx="-68.503937007873" originy="-122.04724409449" endx="-39.370078740157" endy="-122.04724409449" width="7.8740157480314" />
    <line layer="TOP_SILKSCREEN" originx="39.370078740157" originy="122.04724409449" endx="68.503937007873" endy="122.04724409449" width="7.8740157480314" />
    <line layer="TOP_SILKSCREEN" originx="68.503937007873" originy="122.04724409449" endx="68.503937007873" endy="-122.04724409449" width="7.8740157480314" />
    <line layer="TOP_SILKSCREEN" originx="68.503937007873" originy="-122.04724409449" endx="39.370078740157" endy="-122.04724409449" width="7.8740157480314" />
    <line layer="TOP_SILKSCREEN" originx="-7.8740157480314" originy="-220.47244094488" endx="-7.8740157480314" endy="-220.47244094488" width="3.9370078740157" />
    <arc layer="TOP_SILKSCREEN" originx="-5.9055118110235" originy="-220.47244094488" startangle="180.0" sweepangle="180.0" radius="1.9685039370079" width="3.9370078740157" />
    <line layer="TOP_SILKSCREEN" originx="-3.9370078740157" originy="-220.47244094488" endx="-3.9370078740157" endy="-220.47244094488" width="3.9370078740157" />
    <arc layer="TOP_SILKSCREEN" originx="-5.9055118110235" originy="-220.47244094488" startangle=".0" sweepangle="180.0" radius="1.9685039370079" width="3.9370078740157" />
  </footprint>
  <symbol name="IKD0103101" originx="0" originy="0">
    <line originx="200" originy="100" endx="600" endy="100" width="0" />
    <line originx="600" originy="-200" endx="600" endy="100" width="0" />
    <line originx="600" originy="-200" endx="200" endy="-200" width="0" />
    <line originx="200" originy="100" endx="200" endy="-200" width="0" />
    <sympin number="1" originx="200" originy="-100" rotation="180" length="100" width="7.8740157480315" flipped="False">
      <text name="pinname" originx="230" originy="-100" style="Default" rotation="0" justify="left" flipped="False" hidden="False" data="1" />
      <text name="pindes" originx="140" originy="-80" style="Default" rotation="0" justify="lowerright" flipped="False" hidden="False" data="1" />
    </sympin>
    <sympin number="2" originx="200" originy="0" rotation="180" length="100" width="7.8740157480315" flipped="False">
      <text name="pinname" originx="230" originy="0" style="Default" rotation="0" justify="left" flipped="False" hidden="False" data="2" />
      <text name="pindes" originx="140" originy="20" style="Default" rotation="0" justify="lowerright" flipped="False" hidden="False" data="2" />
    </sympin>
  </symbol>
  <component name="IKD0103101" designatorprefix="S" height="145.66929133858" footprint="IKD0103101">
    <comppin designator="1" sympin="1" pinswap="0" gateswap="0" gate="1" group="1" side="" type="Any" name="1" />
    <comppin designator="2" sympin="2" pinswap="0" gateswap="0" gate="1" group="1" side="" type="Any" name="2" />
    <attached_symbol gate="1" name="IKD0103101" />
    <pinmap designator="1" footprintpin="1" />
    <pinmap designator="2" footprintpin="2" />
    <text name="Datasheet" originx="0" originy="0" style="Default" rotation="0" justify="" flipped="False" hidden="True" data="https://eu.mouser.com/datasheet/2/26/appm_s_a0001640570_1-2262042.pdf" />
    <text name="Description" originx="0" originy="0" style="Default" rotation="0" justify="" flipped="False" hidden="True" data="1 Way Surface Mount DIP Switch SPST, Raised Actuator Slide Actuator" />
    <text name="Manufacturer_Name" originx="0" originy="0" style="Default" rotation="0" justify="" flipped="False" hidden="True" data="Apem" />
    <text name="Manufacturer_Part_Number" originx="650" originy="200" style="Default" rotation="0" justify="left" flipped="False" hidden="False" data="IKD0103101" />
    <text name="Mouser Part Number" originx="0" originy="0" style="Default" rotation="0" justify="" flipped="False" hidden="True" data="642-IKD0103101" />
    <text name="Mouser Price/Stock" originx="0" originy="0" style="Default" rotation="0" justify="" flipped="False" hidden="True" data="https://www.mouser.co.uk/ProductDetail/Apem/IKD0103101/?qs=4WAgjVhLeNDRnoT6kDTfJA%3D%3D" />
    <text name="Arrow Part Number" originx="0" originy="0" style="Default" rotation="0" justify="" flipped="False" hidden="True" data="" />
    <text name="Arrow Price/Stock" originx="0" originy="0" style="Default" rotation="0" justify="" flipped="False" hidden="True" data="" />
  </component>
</quadcept_library>
